{
  "milk": [{
        "Type": "Can not Found",
        "Revenue": 14,
        "Cost": 94383.52,
        "Consumption": 76855.15368
    },
    {
        "Type": "Duplicate Invoice",
        "Revenue": 5,
        "Cost": 274735.17,
        "Consumption": 310292.22
    },
    {
        "Type": "Multiple PO",
        "Revenue": 8,
        "Cost": 397952.77,
        "Consumption": 304964.8856125
    },
    {
        "Type": "PO not Found",
        "Revenue": 3,
        "Cost": 343427.25,
        "Consumption": 291191.83
    },
    {
        "Type": "Wrong PO",
        "Revenue": 7,
        "Cost": 115844.26,
        "Consumption": 98268.9597904
    },
    {
        "Type": "Bill to ship PO Incorrect",
        "Revenue": 1,
        "Cost": 263180.86,
        "Consumption": 176502.5521223
    },
    {
        "Type": "Vendor Not Found",
        "Revenue": 1,
        "Cost": 611658.59,
        "Consumption": 538515.47632832
    }]
}
