{
  "milk": [{
        "month":"January",
        "count":"2"
    },
    {
        "month":"February",
        "count":"10"
    },
    {
        "month":"March",
        "count":"15"
    },{
        "month":"April",
        "count":"18"
    },
    {
        "month":"May",
        "count":"56"
    },
    {
        "month":"June",
        "count":"20"
    },
    {
        "month":"July",
        "count":"16"
    },{
        "month":"August",
        "count":"18"
    },
    {
        "month":"September",
        "count":"54"
    },
    {
        "month":"October",
        "count":"50"
    },
    {
        "month":"November",
        "count":"36"
    },{
        "month":"December",
        "count":"48"
    }
    ]
}
