{
	"grnUIDtoList":[{
		"buyerMail": "rmummana@freshdirect.com",
		"buyerName": "Ramakrishna Mummana",
		"createdBy": "System User",
		"createdDate": "2020-02-27",
		"delivDate": "2019-09-17",
		"grnItemUIListVisible":false,
		"grnItemTotalUIListVisible":true,
		"grnItemTotalUIList": [{
			"clvalfor": "0.00",
			"clvalloc": "0",
			"createdDate": "2020-02-27",
			"currency": "USD",
			"delivqty": "60.000",
			"headerId": "67102dd0-a0a7-420d-aea8-fb049cfa0ef2",
			"id": "08f213c6-c308-4bf4-a18f-7db1561a658d",
			"ivqty": "0.000",
			"ivqtypo": "0.000",
			"ivvalfor": "0",
			"ivvalloc": "0",
			"poItem": "00110",
			"poNumber": "0000858055",
			"poprqnt": "60.000",
			"reqQuantity": "0",
			"rtvId":"RT10",
			"valgrfor": "1230.00",
			"valgrloc": "1230.00",
			"valivfor": "0",
			"valivloc": "0"
		}, {
			"clvalfor": "0.00",
			"clvalloc": "0",
			"createdDate": "2020-02-27",
			"currency": "USD",
			"delivqty": "0.056",
			"headerId": "67102dd0-a0a7-420d-aea8-fb049cfa0ef2",
			"id": "19f15d5f-49dd-4d93-aa34-fcc81d6068e7",
			"ivqty": "0.000",
			"ivqtypo": "0.000",
			"ivvalfor": "0",
			"ivvalloc": "0",
			"rtvId":"RT20",
			"poItem": "00130",
			"poNumber": "0000858055",
			"poprqnt": "2.500",
			"reqQuantity": "0",
			"valgrfor": "11.10",
			"valgrloc": "11.00",
			"valivfor": "0",
			"valivloc": "0"
		}, {
			"clvalfor": "0.00",
			"clvalloc": "0",
			"createdDate": "2020-02-27",
			"currency": "USD",
			"delivqty": "2.000",
			"headerId": "67102dd0-a0a7-420d-aea8-fb049cfa0ef2",
			"id": "2c90a0d3-8a98-4cbb-aeb5-a48447482c1e",
			"ivqty": "0.000",
			"ivqtypo": "0.000",
			"ivvalfor": "0",
			"ivvalloc": "0",
			"poItem": "00060",
			"poNumber": "0000858055",
			"poprqnt": "2.000",
			"reqQuantity": "0",
			"rtvId":"RT30",
			"valgrfor": "43.92",
			"valgrloc": "44.00",
			"valivfor": "0",
			"valivloc": "0"
		}, {
			"clvalfor": "0.00",
			"clvalloc": "0",
			"createdDate": "2020-02-27",
			"currency": "USD",
			"delivqty": "2.000",
			"headerId": "67102dd0-a0a7-420d-aea8-fb049cfa0ef2",
			"id": "442380d5-1651-49e7-86a1-57141302cc60",
			"ivqty": "0.000",
			"ivqtypo": "0.000",
			"ivvalfor": "0",
			"ivvalloc": "0",
			"poItem": "00120",
			"rtvId":"RT40",
			"poNumber": "0000858055",
			"poprqnt": "2.000",
			"reqQuantity": "0",
			"valgrfor": "49.74",
			"valgrloc": "50.00",
			"valivfor": "0",
			"valivloc": "0"
		}, {
			"clvalfor": "0.00",
			"clvalloc": "0",
			"createdDate": "2020-02-27",
			"currency": "USD",
			"delivqty": "2.000",
			"headerId": "67102dd0-a0a7-420d-aea8-fb049cfa0ef2",
			"id": "4c95e7db-3a2b-42ef-bbe3-b833bdb7e45d",
			"ivqty": "0.000",
			"ivqtypo": "0.000",
			"ivvalfor": "0",
			"ivvalloc": "0",
			"poItem": "00050",
			"poNumber": "0000858055",
			"poprqnt": "2.000",
			"reqQuantity": "0",
			"rtvId":"RT50",
			"valgrfor": "27.84",
			"valgrloc": "28.00",
			"valivfor": "0",
			"valivloc": "0"
		}, {
			"clvalfor": "0.00",
			"clvalloc": "0",
			"createdDate": "2020-02-27",
			"currency": "USD",
			"delivqty": "2.000",
			"headerId": "67102dd0-a0a7-420d-aea8-fb049cfa0ef2",
			"id": "9ac0fe49-a643-4c8a-a3f2-fc16f0845458",
			"ivqty": "0.000",
			"ivqtypo": "0.000",
			"ivvalfor": "0",
			"ivvalloc": "0",
			"poItem": "00010",
			"poNumber": "0000858055",
			"poprqnt": "2.000",
			"reqQuantity": "0",
			"rtvId":"RT60",
			"valgrfor": "68.44",
			"valgrloc": "68.00",
			"valivfor": "0",
			"valivloc": "0"
		}, {
			"clvalfor": "0.00",
			"clvalloc": "0",
			"createdDate": "2020-02-27",
			"currency": "USD",
			"delivqty": "24.000",
			"headerId": "67102dd0-a0a7-420d-aea8-fb049cfa0ef2",
			"id": "9dd8fbf9-c83c-45ad-bf34-0aa7daddabff",
			"ivqty": "0.000",
			"ivqtypo": "0.000",
			"ivvalfor": "0",
			"ivvalloc": "0",
			"poItem": "00040",
			"poNumber": "0000858055",
			"poprqnt": "24.000",
			"reqQuantity": "0",
			"rtvId":"RT80",
			"valgrfor": "1533.84",
			"valgrloc": "1534.00",
			"valivfor": "0",
			"valivloc": "0"
		}, {
			"clvalfor": "0.00",
			"clvalloc": "0",
			"createdDate": "2020-02-27",
			"currency": "USD",
			"delivqty": "2.000",
			"headerId": "67102dd0-a0a7-420d-aea8-fb049cfa0ef2",
			"id": "a45a0b91-03b3-4990-8a58-792f9319aa38",
			"ivqty": "0.000",
			"ivqtypo": "0.000",
			"ivvalfor": "0",
			"ivvalloc": "0",
			"poItem": "00090",
			"poNumber": "0000858055",
			"poprqnt": "2.000",
			"reqQuantity": "0",
			"rtvId":"RT90",
			"valgrfor": "68.52",
			"valgrloc": "69.00",
			"valivfor": "0",
			"valivloc": "0"
		}, {
			"clvalfor": "0.00",
			"clvalloc": "0",
			"createdDate": "2020-02-27",
			"currency": "USD",
			"delivqty": "2.000",
			"headerId": "67102dd0-a0a7-420d-aea8-fb049cfa0ef2",
			"id": "b978b608-247c-42f3-9f1d-6c44c2b37c95",
			"ivqty": "0.000",
			"ivqtypo": "0.000",
			"ivvalfor": "0",
			"ivvalloc": "0",
			"poItem": "00030",
			"poNumber": "0000858055",
			"poprqnt": "2.000",
			"reqQuantity": "0",
			"rtvId":"RT12",
			"valgrfor": "50.66",
			"valgrloc": "51.00",
			"valivfor": "0",
			"valivloc": "0"
		}, {
			"clvalfor": "0.00",
			"clvalloc": "0",
			"createdDate": "2020-02-27",
			"currency": "USD",
			"delivqty": "2.000",
			"headerId": "67102dd0-a0a7-420d-aea8-fb049cfa0ef2",
			"id": "c68bb1e0-e61f-455c-b75e-aea1f130c02e",
			"ivqty": "0.000",
			"ivqtypo": "0.000",
			"ivvalfor": "0",
			"ivvalloc": "0",
			"poItem": "00100",
			"poNumber": "0000858055",
			"poprqnt": "2.000",
			"reqQuantity": "0",
			"rtvId":"RT23",
			"valgrfor": "47.60",
			"valgrloc": "48.00",
			"valivfor": "0",
			"valivloc": "0"
		}, {
			"clvalfor": "0.00",
			"clvalloc": "0",
			"createdDate": "2020-02-27",
			"currency": "USD",
			"delivqty": "2.000",
			"headerId": "67102dd0-a0a7-420d-aea8-fb049cfa0ef2",
			"id": "c6b6d118-1e56-47d0-aea0-17b09cf47c19",
			"ivqty": "0.000",
			"ivqtypo": "0.000",
			"ivvalfor": "0",
			"ivvalloc": "0",
			"poItem": "00080",
			"poNumber": "0000858055",
			"poprqnt": "2.000",
			"reqQuantity": "0",
			"rtvId":"RT44",
			"valgrfor": "44.28",
			"valgrloc": "44.00",
			"valivfor": "0",
			"valivloc": "0"
		}, {
			"clvalfor": "0.00",
			"clvalloc": "0",
			"createdDate": "2020-02-27",
			"currency": "USD",
			"delivqty": "2.000",
			"headerId": "67102dd0-a0a7-420d-aea8-fb049cfa0ef2",
			"id": "e8dbacbd-c3e5-4c03-a69b-a63b380cc6fc",
			"ivqty": "0.000",
			"ivqtypo": "0.000",
			"ivvalfor": "0",
			"ivvalloc": "0",
			"poItem": "00070",
			"poNumber": "0000858055",
			"poprqnt": "2.000",
			"reqQuantity": "0",
			"rtvId":"RT56",
			"valgrfor": "40.70",
			"valgrloc": "41.00",
			"valivfor": "0",
			"valivloc": "0"
		}],
		"grnItemUIList": [{
			"costForeignCurrency": "47.60",
			"costLocalCurrency": "47.60",
			"delivQty": "2.000",
			"delivUnit": "CS",
			"docNo": "5018047962",
			"docYear": "2019",
			"grItemId": "0001",
			"id": "0a72e130-c7a5-464a-ad7e-8636afb2b583",
			"invoiceCostLocal": "0",
			"materialId": "000000000400004390",
			"moveType": "101",
			"poItemId": "00100",
			"ponumber": "0000858055",
			"postingDate": "2019-09-25",
			"quantity": "2.000",
			"refCostFOREIGN": "0",
			"refInvCostForeign": "0",
			"refQuantity": "0.000"
		}, {
			"costForeignCurrency": "40.70",
			"costLocalCurrency": "40.70",
			"delivQty": "2.000",
			"delivUnit": "CS",
			"docNo": "5018047959",
			"docYear": "2019",
			"grItemId": "0001",
			"id": "399e5b4e-f99e-4cd8-a608-240440a8e05d",
			"invoiceCostLocal": "0",
			"materialId": "000000000400001819",
			"moveType": "101",
			"poItemId": "00070",
			"ponumber": "0000858055",
			"postingDate": "2019-09-25",
			"quantity": "2.000",
			"refCostFOREIGN": "0",
			"refInvCostForeign": "0",
			"refQuantity": "0.000"
		}, {
			"costForeignCurrency": "44.28",
			"costLocalCurrency": "44.28",
			"delivQty": "2.000",
			"delivUnit": "CS",
			"docNo": "5018047958",
			"docYear": "2019",
			"grItemId": "0001",
			"id": "40cbf03d-da46-46be-8020-7d0eb4c37a29",
			"invoiceCostLocal": "0",
			"materialId": "000000000400004116",
			"moveType": "101",
			"poItemId": "00080",
			"ponumber": "0000858055",
			"postingDate": "2019-09-25",
			"quantity": "2.000",
			"refCostFOREIGN": "0",
			"refInvCostForeign": "0",
			"refQuantity": "0.000"
		}, {
			"costForeignCurrency": "27.84",
			"costLocalCurrency": "27.84",
			"delivQty": "2.000",
			"delivUnit": "CS",
			"docNo": "5018047961",
			"docYear": "2019",
			"grItemId": "0001",
			"id": "433b3b6a-885b-46bc-acb2-144fbf1cd08e",
			"invoiceCostLocal": "0",
			"materialId": "000000000400000209",
			"moveType": "101",
			"poItemId": "00050",
			"ponumber": "0000858055",
			"postingDate": "2019-09-25",
			"quantity": "2.000",
			"refCostFOREIGN": "0",
			"refInvCostForeign": "0",
			"refQuantity": "0.000"
		}, {
			"costForeignCurrency": "49.74",
			"costLocalCurrency": "49.74",
			"delivQty": "2.000",
			"delivUnit": "CS",
			"docNo": "5018047964",
			"docYear": "2019",
			"grItemId": "0001",
			"id": "58b978d7-623c-43bd-9e5c-d635ab5420b7",
			"invoiceCostLocal": "0",
			"materialId": "000000000400004803",
			"moveType": "101",
			"poItemId": "00120",
			"ponumber": "0000858055",
			"postingDate": "2019-09-25",
			"quantity": "2.000",
			"refCostFOREIGN": "0",
			"refInvCostForeign": "0",
			"refQuantity": "0.000"
		}, {
			"costForeignCurrency": "5.55",
			"costLocalCurrency": "5.55",
			"delivQty": "1.250",
			"delivUnit": "LB",
			"docNo": "5018047966",
			"docYear": "2019",
			"grItemId": "0001",
			"id": "5ed3c703-2656-49bd-9409-b9723c154909",
			"invoiceCostLocal": "0",
			"materialId": "000000000300344071",
			"moveType": "101",
			"poItemId": "00130",
			"ponumber": "0000858055",
			"postingDate": "2019-09-25",
			"quantity": "0.028",
			"refCostFOREIGN": "0",
			"refInvCostForeign": "0",
			"refQuantity": "0.000"
		}, {
			"costForeignCurrency": "5.55",
			"costLocalCurrency": "5.55",
			"delivQty": "1.250",
			"delivUnit": "LB",
			"docNo": "5018047965",
			"docYear": "2019",
			"grItemId": "0001",
			"id": "6c03e2a7-1ac2-4e56-9755-034624f4a8d9",
			"invoiceCostLocal": "0",
			"materialId": "000000000300344071",
			"moveType": "101",
			"poItemId": "00130",
			"ponumber": "0000858055",
			"postingDate": "2019-09-25",
			"quantity": "0.028",
			"refCostFOREIGN": "0",
			"refInvCostForeign": "0",
			"refQuantity": "0.000"
		}, {
			"costForeignCurrency": "1533.84",
			"costLocalCurrency": "1533.84",
			"delivQty": "24.000",
			"delivUnit": "CS",
			"docNo": "5018047955",
			"docYear": "2019",
			"grItemId": "0001",
			"id": "90f5624e-012a-47c8-8141-1dd8f95bbd6d",
			"invoiceCostLocal": "0",
			"materialId": "000000000400000772",
			"moveType": "101",
			"poItemId": "00040",
			"ponumber": "0000858055",
			"postingDate": "2019-09-25",
			"quantity": "24.000",
			"refCostFOREIGN": "0",
			"refInvCostForeign": "0",
			"refQuantity": "0.000"
		}, {
			"costForeignCurrency": "43.92",
			"costLocalCurrency": "43.92",
			"delivQty": "2.000",
			"delivUnit": "CS",
			"docNo": "5018047960",
			"docYear": "2019",
			"grItemId": "0001",
			"id": "b9797d3b-a68b-427b-bdd4-007f843e7fc4",
			"invoiceCostLocal": "0",
			"materialId": "000000000400001816",
			"moveType": "101",
			"poItemId": "00060",
			"ponumber": "0000858055",
			"postingDate": "2019-09-25",
			"quantity": "2.000",
			"refCostFOREIGN": "0",
			"refInvCostForeign": "0",
			"refQuantity": "0.000"
		}, {
			"costForeignCurrency": "68.44",
			"costLocalCurrency": "68.44",
			"delivQty": "2.000",
			"delivUnit": "CS",
			"docNo": "5018047956",
			"docYear": "2019",
			"grItemId": "0001",
			"id": "c154b7b3-cc46-49a0-8b5c-5ef592025263",
			"invoiceCostLocal": "0",
			"materialId": "000000000400005580",
			"moveType": "101",
			"poItemId": "00010",
			"ponumber": "0000858055",
			"postingDate": "2019-09-25",
			"quantity": "2.000",
			"refCostFOREIGN": "0",
			"refInvCostForeign": "0",
			"refQuantity": "0.000"
		}, {
			"costForeignCurrency": "68.52",
			"costLocalCurrency": "68.52",
			"delivQty": "2.000",
			"delivUnit": "CS",
			"docNo": "5018047957",
			"docYear": "2019",
			"grItemId": "0001",
			"id": "d89a4a97-1f77-46c7-851f-122aa62d90bb",
			"invoiceCostLocal": "0",
			"materialId": "000000000400000890",
			"moveType": "101",
			"poItemId": "00090",
			"ponumber": "0000858055",
			"postingDate": "2019-09-25",
			"quantity": "2.000",
			"refCostFOREIGN": "0",
			"refInvCostForeign": "0",
			"refQuantity": "0.000"
		}, {
			"costForeignCurrency": "50.66",
			"costLocalCurrency": "50.66",
			"delivQty": "2.000",
			"delivUnit": "CS",
			"docNo": "5018047954",
			"docYear": "2019",
			"grItemId": "0001",
			"id": "dbe58182-6a7f-4a27-ac29-361e2a894a9c",
			"invoiceCostLocal": "0",
			"materialId": "000000000400000068",
			"moveType": "101",
			"poItemId": "00030",
			"ponumber": "0000858055",
			"postingDate": "2019-09-25",
			"quantity": "2.000",
			"refCostFOREIGN": "0",
			"refInvCostForeign": "0",
			"refQuantity": "0.000"
		}, {
			"costForeignCurrency": "1230.00",
			"costLocalCurrency": "1230.00",
			"delivQty": "60.000",
			"delivUnit": "CS",
			"docNo": "5018047963",
			"docYear": "2019",
			"grItemId": "0001",
			"id": "eb76c177-639f-49e4-bace-2657341d60a5",
			"invoiceCostLocal": "0",
			"materialId": "000000000400009876",
			"moveType": "101",
			"poItemId": "00110",
			"ponumber": "0000858055",
			"postingDate": "2019-09-25",
			"quantity": "60.000",
			"refCostFOREIGN": "0",
			"refInvCostForeign": "0",
			"refQuantity": "0.000"
		}],
		"hasSomeGr": "true",
		"id": "67102dd0-a0a7-420d-aea8-fb049cfa0ef2",
		"poNumber": "0000858055",
		"requestId": "APA000000018852"
		}]
}