{
	"count": "8",
	"pageCount": "200",
	"responseMessage": {
		"message": "Process Details Fetched Successfully",
		"status": "Success",
		"statusCode": "0"
	},
	"workBoxDtos": [{
		"assignedTo": "Admin",
		"breached": "false",
		"createdAt": "01-31-2019",
		"createdAtDateFormat": "2019-01-31T05:57:46.529-05:00",
		"detailURL": "http://ners75.freshdirect.com/accountspayable/index.html?taskId=0ac78c57254711e9c3b100000662ff2f",
		"dueDate": "03-17-2018",
		"dueDateFormat": "2018-03-17T00:00:00-04:00",
		"invoiceDateDisplay": "02-15-2018",
		"invoiceDateFormat": "2018-02-15T00:00:00-05:00",
		"invoiceNo": "wer43",
		"invoiceValue": "509.7",
		"name": "Account Payable Task",
		"processDisplayName": "Account Payable Process",
		"processId": "bpm://bpm.sap.com/process-instance/cb9876bfccf811e89c8d00000662ff2f",
		"processName": "Account Payable Process",
		"processStatus": "Inv/Po Mismatch",
		"requestId": "APA000000000196",
		"startedBy": "POADMIN",
		"status": "READY",
		"subject": "APA000000000196",
		"taskDescription": "Vendor Name : IRVING FARM COFFEE COMPANY\r\nInvoice Amount : 509.70\r\nInvoice Date : 2018-02-15",
		"taskId": "bpm://bpm.sap.com/task-instance/0ac78c57254711e9c3b100000662ff2f",
		"timePercentCompleted": "0.0",
		"vendorId": "20055",
		"vendorName": "IRVING FARM COFFEE COMPANY"
	}, {
		"assignedTo": "Admin",
		"breached": "false",
		"createdAt": "01-31-2019",
		"createdAtDateFormat": "2019-01-31T04:12:44.327-05:00",
		"detailURL": "http://ners75.freshdirect.com/accountspayable/index.html?taskId=5e5fd89b253811e9bdda00000662ff2e",
		"dueDate": "03-17-2018",
		"dueDateFormat": "2018-03-17T00:00:00-04:00",
		"invoiceDateDisplay": "02-15-2018",
		"invoiceDateFormat": "2018-02-15T00:00:00-05:00",
		"invoiceNo": "75a12312",
		"invoiceValue": "509.7",
		"name": "Account Payable Task",
		"processDisplayName": "Account Payable Process",
		"processId": "bpm://bpm.sap.com/process-instance/e81e9c67251e11e98ae300000662ff2e",
		"processName": "Account Payable Process",
		"processStatus": "Autoposting Failed",
		"requestId": "APA000000000190",
		"startedBy": "accpay reviewer",
		"status": "READY",
		"subject": "APA000000000190",
		"taskDescription": "Vendor Name : IRVING FARM COFFEE COMPANY\r\nInvoice Amount : 509.70\r\nInvoice Date : 2018-02-15",
		"taskId": "bpm://bpm.sap.com/task-instance/5e5fd89b253811e9bdda00000662ff2e",
		"timePercentCompleted": "0.0",
		"vendorId": "20055",
		"vendorName": "IRVING FARM COFFEE COMPANY"
	}, {
		"assignedTo": "Admin",
		"breached": "false",
		"createdAt": "01-31-2019",
		"createdAtDateFormat": "2019-01-31T02:29:43.276-05:00",
		"detailURL": "http://ners75.freshdirect.com/accountspayable/index.html?taskId=fa2e3e6d252911e9a22500000662ff2f",
		"dueDate": "03-17-2018",
		"dueDateFormat": "2018-03-17T00:00:00-04:00",
		"invoiceDateDisplay": "02-15-2018",
		"invoiceDateFormat": "2018-02-15T00:00:00-05:00",
		"invoiceNo": "75ah98a12",
		"invoiceValue": "520.5",
		"name": "Account Payable Task",
		"processDisplayName": "Account Payable Process",
		"processId": "bpm://bpm.sap.com/process-instance/e6f462fe251e11e9909000000662ff2f",
		"processName": "Account Payable Process",
		"processStatus": "Autoposting Failed",
		"requestId": "APA000000000189",
		"startedBy": "accpay reviewer",
		"status": "READY",
		"subject": "APA000000000189",
		"taskDescription": "Vendor Name : IRVING FARM COFFEE COMPANY\r\nInvoice Amount : 509.70\r\nInvoice Date : 2018-02-15",
		"taskId": "bpm://bpm.sap.com/task-instance/fa2e3e6d252911e9a22500000662ff2f",
		"timePercentCompleted": "0.0",
		"vendorId": "20055",
		"vendorName": "IRVING FARM COFFEE COMPANY"
	}, {
		"assignedTo": "mtou@freshdirect.com",
		"breached": "false",
		"createdAt": "01-31-2019",
		"createdAtDateFormat": "2019-01-31T01:23:46.018-05:00",
		"detailURL": "http://ners75.freshdirect.com/accountspayable/index.html?taskId=c378b21d252011e9c7ff00000662ff2f",
		"dueDate": "04-20-2018",
		"dueDateFormat": "2018-04-20T00:00:00-04:00",
		"invoiceDateDisplay": "03-21-2018",
		"invoiceDateFormat": "2018-03-21T00:00:00-04:00",
		"invoiceNo": "1412h8375",
		"invoiceValue": "800",
		"name": "Account Payable Task",
		"processDisplayName": "Account Payable Process",
		"processId": "bpm://bpm.sap.com/process-instance/e69de579cccf11e8836a00000662ff2e",
		"processName": "Account Payable Process",
		"processStatus": "Price/Qty Mismatch",
		"requestId": "APA000000000187",
		"startedBy": "POADMIN",
		"status": "RESERVED",
		"subject": "APA000000000187",
		"taskDescription": "Vendor Name : BALDOR\r\nInvoice Amount : 800.00\r\nInvoice Date : 2018-03-21",
		"taskId": "bpm://bpm.sap.com/task-instance/c378b21d252011e9c7ff00000662ff2f",
		"taskOwner": "mtou@freshdirect.com",
		"timePercentCompleted": "0.0",
		"vendorId": "10499",
		"vendorName": "BALDOR"
	}, {
		"assignedTo": "mtou@freshdirect.com",
		"breached": "false",
		"createdAt": "01-31-2019",
		"createdAtDateFormat": "2019-01-31T01:23:43.684-05:00",
		"detailURL": "http://ners75.freshdirect.com/accountspayable/index.html?taskId=c2148cbb252011e99c4d00000662ff2e",
		"dueDate": "05-02-2018",
		"dueDateFormat": "2018-05-02T00:00:00-04:00",
		"invoiceDateDisplay": "03-28-2018",
		"invoiceDateFormat": "2018-03-28T00:00:00-04:00",
		"invoiceNo": "5123677347",
		"invoiceValue": "6182.65",
		"name": "Account Payable Task",
		"processDisplayName": "Account Payable Process",
		"processId": "bpm://bpm.sap.com/process-instance/006b9b1a251311e9811000000662ff2f",
		"processName": "Account Payable Process",
		"processStatus": "Price/Qty Mismatch",
		"requestId": "APA000000000186",
		"startedBy": "accpay reviewer",
		"status": "RESERVED",
		"subject": "APA000000000186",
		"taskDescription": "Vendor Name : NESTLE WATERS NORTH AMERICA INC\r\nInvoice Amount : 7,274.65\r\nInvoice Date : 2018-03-28",
		"taskId": "bpm://bpm.sap.com/task-instance/c2148cbb252011e99c4d00000662ff2e",
		"taskOwner": "mtou@freshdirect.com",
		"timePercentCompleted": "0.0",
		"vendorId": "11609",
		"vendorName": "NESTLE WATERS NORTH AMERICA INC"
	}, {
		"assignedTo": "mkelman@freshdirect.com",
		"breached": "false",
		"createdAt": "01-31-2019",
		"createdAtDateFormat": "2019-01-31T01:23:43.735-05:00",
		"detailURL": "http://ners75.freshdirect.com/accountspayable/index.html?taskId=c21c5422252011e99cb400000662ff2e",
		"dueDate": "07-27-2018",
		"dueDateFormat": "2018-07-27T00:00:00-04:00",
		"invoiceDateDisplay": "06-27-2018",
		"invoiceDateFormat": "2018-06-27T00:00:00-04:00",
		"invoiceNo": "21234432",
		"invoiceValue": "133321",
		"name": "Account Payable Task",
		"processDisplayName": "Account Payable Process",
		"processId": "bpm://bpm.sap.com/process-instance/e604108dcccf11e8a2b100000662ff2e",
		"processName": "Account Payable Process",
		"processStatus": "Price/Qty Mismatch",
		"requestId": "APA000000000185",
		"startedBy": "POADMIN",
		"status": "READY",
		"subject": "APA000000000185",
		"taskDescription": "Vendor Name : EVOLUTION FRESH\r\nInvoice Amount : 133,321.00\r\nInvoice Date : 2018-06-27",
		"taskId": "bpm://bpm.sap.com/task-instance/c21c5422252011e99cb400000662ff2e",
		"timePercentCompleted": "0.0",
		"vendorId": "20211",
		"vendorName": "EVOLUTION FRESH"
	}, {
		"assignedTo": "crodriguez@freshdirect.com",
		"breached": "false",
		"createdAt": "01-30-2019",
		"createdAtDateFormat": "2019-01-30T00:21:56.965-05:00",
		"detailURL": "http://ners75.freshdirect.com/accountspayable/index.html?taskId=8b7f2a1a24b311e9c5a300000662ff2e",
		"dueDate": "03-09-2018",
		"dueDateFormat": "2018-03-09T00:00:00-05:00",
		"invoiceDateDisplay": "02-07-2018",
		"invoiceDateFormat": "2018-02-07T00:00:00-05:00",
		"invoiceNo": "6075185594",
		"invoiceValue": "513",
		"name": "Account Payable Task",
		"processDisplayName": "Account Payable Process",
		"processId": "bpm://bpm.sap.com/process-instance/476c367224b311e9af6700000662ff2f",
		"processName": "Account Payable Process",
		"processStatus": "Balance Mismatch",
		"requestId": "APA000000000182",
		"startedBy": "POADMIN",
		"status": "READY",
		"subject": "APA000000000182",
		"taskDescription": "Vendor Name : C.H. ROBINSON COMPANY\r\nInvoice Amount : 513.00\r\nInvoice Date : 2018-02-07",
		"taskId": "bpm://bpm.sap.com/task-instance/8b7f2a1a24b311e9c5a300000662ff2e",
		"timePercentCompleted": "0.0",
		"vendorId": "15680",
		"vendorName": "C.H. ROBINSON COMPANY"
	}, {
		"assignedTo": "rmummana@freshdirect.com",
		"breached": "false",
		"createdAt": "01-30-2019",
		"createdAtDateFormat": "2019-01-30T11:01:51.996-05:00",
		"detailURL": "http://ners75.freshdirect.com/accountspayable/index.html?taskId=5b82f1df24a811e9c2d100000662ff2f",
		"dueDate": "04-25-2018",
		"dueDateFormat": "2018-04-25T00:00:00-04:00",
		"invoiceDateDisplay": "03-26-2018",
		"invoiceDateFormat": "2018-03-26T00:00:00-04:00",
		"invoiceNo": "4123905",
		"invoiceValue": "1265.9",
		"name": "Account Payable Task",
		"processDisplayName": "Account Payable Process",
		"processId": "bpm://bpm.sap.com/process-instance/acc8ccd124a711e995de00000662ff2f",
		"processName": "Account Payable Process",
		"processStatus": "Autoposting Failed",
		"requestId": "APA000000000136",
		"startedBy": "POADMIN",
		"status": "RESERVED",
		"subject": "APA000000000136",
		"taskDescription": "Vendor Name : IMPERIAL BAG & PAPER CO INC\r\nInvoice Amount : 1,265.90\r\nInvoice Date : 2018-03-26",
		"taskId": "bpm://bpm.sap.com/task-instance/5b82f1df24a811e9c2d100000662ff2f",
		"taskOwner": "rmummana@freshdirect.com",
		"timePercentCompleted": "0.0",
		"vendorId": "11524",
		"vendorName": "IMPERIAL BAG & PAPER CO INC"
	},{
		"assignedTo": "mkelman@freshdirect.com",
		"breached": "false",
		"createdAt": "03-04-2019",
		"createdAtDateFormat": "2019-03-04T05:23:34.748-05:00",
		"detailURL": "http://ners75.freshdirect.com/accountspayable/index.html?taskId=910a86d73e6711e9c04500000662ff2f",
		"dueDate": "08-06-2018",
		"dueDateFormat": "2018-08-06T00:00:00-04:00",
		"invoiceDateDisplay": "07-27-2018",
		"invoiceDateFormat": "2018-07-27T00:00:00-04:00",
		"invoiceNo": "23-30",
		"invoiceValue": "3837",
		"name": "Account Payable Task",
		"processDisplayName": "Account Payable Process",
		"processId": "bpm://bpm.sap.com/process-instance/5b9df7173e6711e981ce00000662ff2f",
		"processName": "Account Payable Process",
		"processStatus": "No PO",
		"requestId": "APA000000000536",
		"startedBy": "POADMIN",
		"status": "READY",
		"subject": "APA000000000536",
		"taskDescription": "Vendor Name : null\r\nInvoice Amount : null\r\nInvoice Date : null",
		"taskId": "bpm://bpm.sap.com/task-instance/910a86d73e6711e9c04500000662ff2f",
		"timePercentCompleted": "0.0",
		"vendorId": "22372",
		"vendorName": "HUNGRYROOT INC"
	}, {
		"assignedTo": "mkelman@freshdirect.com",
		"breached": "false",
		"createdAt": "03-04-2019",
		"createdAtDateFormat": "2019-03-04T05:23:35.267-05:00",
		"detailURL": "http://ners75.freshdirect.com/accountspayable/index.html?taskId=9159967e3e6711e9a90100000662ff2f",
		"dueDate": "08-31-2018",
		"dueDateFormat": "2018-08-31T00:00:00-04:00",
		"invoiceDateDisplay": "08-01-2018",
		"invoiceDateFormat": "2018-08-01T00:00:00-04:00",
		"invoiceNo": "950767",
		"invoiceValue": "4307.52",
		"name": "Account Payable Task",
		"processDisplayName": "Account Payable Process",
		"processId": "bpm://bpm.sap.com/process-instance/5b5728af3e6711e9b12600000662ff2f",
		"processName": "Account Payable Process",
		"processStatus": "No PO",
		"requestId": "APA000000000535",
		"startedBy": "POADMIN",
		"status": "READY",
		"subject": "APA000000000535",
		"taskDescription": "Vendor Name : EVOLUTION FRESH\r\nInvoice Amount : 4,307.52\r\nInvoice Date : 2018-08-01",
		"taskId": "bpm://bpm.sap.com/task-instance/9159967e3e6711e9a90100000662ff2f",
		"timePercentCompleted": "0.0",
		"vendorId": "20211",
		"vendorName": "EVOLUTION FRESH"
	}, {
		"assignedTo": "Admin",
		"breached": "false",
		"createdAt": "03-04-2019",
		"createdAtDateFormat": "2019-03-04T04:40:34.055-05:00",
		"detailURL": "http://ners75.freshdirect.com/accountspayable/index.html?taskId=8f1f78513e6111e9830a00000662ff2f",
		"dueDate": "02-12-2019",
		"dueDateFormat": "2019-02-12T00:00:00-05:00",
		"invoiceDateDisplay": "01-29-2019",
		"invoiceDateFormat": "2019-01-29T00:00:00-05:00",
		"invoiceNo": "3l17b",
		"invoiceValue": "1484.7",
		"name": "Account Payable Task",
		"processDisplayName": "Account Payable Process",
		"processId": "bpm://bpm.sap.com/process-instance/a18874163e5a11e9826c00000662ff2f",
		"processName": "Account Payable Process",
		"processStatus": "Inv/Po Mismatch",
		"requestId": "APA000000000533",
		"startedBy": "accpay reviewer",
		"status": "READY",
		"subject": "APA000000000533",
		"taskDescription": "Vendor Name : LIFESTYLE FOODS\r\nInvoice Amount : 1,484.70\r\nInvoice Date : 2019-01-29",
		"taskId": "bpm://bpm.sap.com/task-instance/8f1f78513e6111e9830a00000662ff2f",
		"timePercentCompleted": "0.0",
		"vendorId": "14419",
		"vendorName": "LIFESTYLE FOODS"
	}, {
		"assignedTo": "crodriguez@freshdirect.com",
		"breached": "false",
		"createdAt": "03-04-2019",
		"createdAtDateFormat": "2019-03-04T04:27:35.392-05:00",
		"detailURL": "http://ners75.freshdirect.com/accountspayable/index.html?taskId=beb5527e3e5f11e9b28d00000662ff2e",
		"dueDate": "03-17-2018",
		"dueDateFormat": "2018-03-17T00:00:00-04:00",
		"invoiceDateDisplay": "02-15-2018",
		"invoiceDateFormat": "2018-02-15T00:00:00-05:00",
		"invoiceNo": "wp13",
		"invoiceValue": "510.5",
		"name": "Account Payable Task",
		"processDisplayName": "Account Payable Process",
		"processId": "bpm://bpm.sap.com/process-instance/a1476ff93e5a11e99d9400000662ff2f",
		"processName": "Account Payable Process",
		"processStatus": "Inv/Po Mismatch",
		"requestId": "APA000000000532",
		"startedBy": "accpay reviewer",
		"status": "READY",
		"subject": "APA000000000532",
		"taskDescription": "Vendor Name : IRVING FARM COFFEE COMPANY\r\nInvoice Amount : 510.50\r\nInvoice Date : 2018-02-15",
		"taskId": "bpm://bpm.sap.com/task-instance/beb5527e3e5f11e9b28d00000662ff2e",
		"timePercentCompleted": "0.0",
		"vendorId": "21170",
		"vendorName": "ARK FOOD LLC"
	}, {
		"assignedTo": "Admin",
		"breached": "false",
		"createdAt": "03-04-2019",
		"createdAtDateFormat": "2019-03-04T04:11:34.422-05:00",
		"detailURL": "http://ners75.freshdirect.com/accountspayable/index.html?taskId=81ecf7393e5d11e9c6de00000662ff2e",
		"dueDate": "03-17-2018",
		"dueDateFormat": "2018-03-17T00:00:00-04:00",
		"invoiceDateDisplay": "02-15-2018",
		"invoiceDateFormat": "2018-02-15T00:00:00-05:00",
		"invoiceNo": "w8lp13",
		"invoiceValue": "510.5",
		"name": "Account Payable Task",
		"processDisplayName": "Account Payable Process",
		"processId": "bpm://bpm.sap.com/process-instance/a11a58553e5a11e9ce8600000662ff2f",
		"processName": "Account Payable Process",
		"processStatus": "Inv/Po Mismatch",
		"requestId": "APA000000000531",
		"startedBy": "accpay reviewer",
		"status": "READY",
		"subject": "APA000000000531",
		"taskDescription": "Vendor Name : IRVING FARM COFFEE COMPANY\r\nInvoice Amount : 510.50\r\nInvoice Date : 2018-02-15",
		"taskId": "bpm://bpm.sap.com/task-instance/81ecf7393e5d11e9c6de00000662ff2e",
		"timePercentCompleted": "0.0",
		"vendorId": "20055",
		"vendorName": "IRVING FARM COFFEE COMPANY"
	}, {
		"assignedTo": "mtou@freshdirect.com",
		"breached": "false",
		"createdAt": "03-04-2019",
		"createdAtDateFormat": "2019-03-04T04:06:35.032-05:00",
		"detailURL": "http://ners75.freshdirect.com/accountspayable/index.html?taskId=cf79ab213e5c11e9bf2700000662ff2e",
		"dueDate": "04-22-2018",
		"dueDateFormat": "2018-04-22T00:00:00-04:00",
		"invoiceDateDisplay": "03-23-2018",
		"invoiceDateFormat": "2018-03-23T00:00:00-04:00",
		"invoiceNo": "35p2",
		"invoiceValue": "31287.63",
		"name": "Account Payable Task",
		"processDisplayName": "Account Payable Process",
		"processId": "bpm://bpm.sap.com/process-instance/a0e6acaa3e5a11e9b68e00000662ff2f",
		"processName": "Account Payable Process",
		"processStatus": "Inv/Po Mismatch",
		"requestId": "APA000000000530",
		"startedBy": "accpay reviewer",
		"status": "READY",
		"subject": "APA000000000530",
		"taskDescription": "Vendor Name : EBAY ENTERPRISE MARKT SOLUTIONS INC\r\nInvoice Amount : 31,287.63\r\nInvoice Date : 2018-03-23",
		"taskId": "bpm://bpm.sap.com/task-instance/cf79ab213e5c11e9bf2700000662ff2e",
		"timePercentCompleted": "0.0",
		"vendorId": "21132",
		"vendorName": "EBAY ENTERPRISE MARKT SOLUTIONS INC"
	}, {
		"assignedTo": "mtou@freshdirect.com",
		"breached": "false",
		"createdAt": "03-04-2019",
		"createdAtDateFormat": "2019-03-04T03:52:33.884-05:00",
		"detailURL": "http://ners75.freshdirect.com/accountspayable/index.html?taskId=da1cbfd33e5a11e98f0f00000662ff2f",
		"dueDate": "04-22-2018",
		"dueDateFormat": "2018-04-22T00:00:00-04:00",
		"invoiceDateDisplay": "03-23-2018",
		"invoiceDateFormat": "2018-03-23T00:00:00-04:00",
		"invoiceNo": "35po92",
		"invoiceValue": "31287.63",
		"name": "Account Payable Task",
		"processDisplayName": "Account Payable Process",
		"processId": "bpm://bpm.sap.com/process-instance/a0aa24c83e5a11e99b7400000662ff2f",
		"processName": "Account Payable Process",
		"processStatus": "No PO",
		"requestId": "APA000000000529",
		"startedBy": "accpay reviewer",
		"status": "READY",
		"subject": "APA000000000529",
		"taskDescription": "Vendor Name : EBAY ENTERPRISE MARKT SOLUTIONS INC\r\nInvoice Amount : 31,287.63\r\nInvoice Date : 2018-03-23",
		"taskId": "bpm://bpm.sap.com/task-instance/da1cbfd33e5a11e98f0f00000662ff2f",
		"timePercentCompleted": "0.0",
		"vendorId": "21132",
		"vendorName": "EBAY ENTERPRISE MARKT SOLUTIONS INC"
	}, {
		"assignedTo": "Admin",
		"breached": "false",
		"createdAt": "03-04-2019",
		"createdAtDateFormat": "2019-03-04T03:42:35.266-05:00",
		"detailURL": "http://ners75.freshdirect.com/accountspayable/index.html?taskId=754e35ac3e5911e9907600000662ff2e",
		"dueDate": "03-17-2018",
		"dueDateFormat": "2018-03-17T00:00:00-04:00",
		"invoiceDateDisplay": "02-15-2018",
		"invoiceDateFormat": "2018-02-15T00:00:00-05:00",
		"invoiceNo": "w8l1113",
		"invoiceValue": "510.5",
		"name": "Account Payable Task",
		"processDisplayName": "Account Payable Process",
		"processId": "bpm://bpm.sap.com/process-instance/59d98d473e3d11e9a73300000662ff2f",
		"processName": "Account Payable Process",
		"processStatus": "Price/Qty Mismatch",
		"requestId": "APA000000000528",
		"startedBy": "accpay reviewer",
		"status": "READY",
		"subject": "APA000000000528",
		"taskDescription": "Vendor Name : IRVING FARM COFFEE COMPANY\r\nInvoice Amount : 510.50\r\nInvoice Date : 2018-02-15",
		"taskId": "bpm://bpm.sap.com/task-instance/754e35ac3e5911e9907600000662ff2e",
		"timePercentCompleted": "0.0",
		"vendorId": "20055",
		"vendorName": "IRVING FARM COFFEE COMPANY"
	}, {
		"assignedTo": "Admin",
		"breached": "false",
		"createdAt": "03-04-2019",
		"createdAtDateFormat": "2019-03-04T00:40:35.509-05:00",
		"detailURL": "http://ners75.freshdirect.com/accountspayable/index.html?taskId=08a0662f3e4011e99dc600000662ff2f",
		"dueDate": "03-17-2018",
		"dueDateFormat": "2018-03-17T00:00:00-04:00",
		"invoiceDateDisplay": "02-15-2018",
		"invoiceDateFormat": "2018-02-15T00:00:00-05:00",
		"invoiceNo": "w8lk13",
		"invoiceValue": "510.5",
		"name": "Account Payable Task",
		"processDisplayName": "Account Payable Process",
		"processId": "bpm://bpm.sap.com/process-instance/59ab58563e3d11e9966900000662ff2f",
		"processName": "Account Payable Process",
		"processStatus": "Price/Qty Mismatch",
		"requestId": "APA000000000527",
		"startedBy": "accpay reviewer",
		"status": "READY",
		"subject": "APA000000000527",
		"taskDescription": "Vendor Name : IRVING FARM COFFEE COMPANY\r\nInvoice Amount : 510.50\r\nInvoice Date : 2018-02-15",
		"taskId": "bpm://bpm.sap.com/task-instance/08a0662f3e4011e99dc600000662ff2f",
		"timePercentCompleted": "0.0",
		"vendorId": "20055",
		"vendorName": "IRVING FARM COFFEE COMPANY"
	}, {
		"assignedTo": "Admin",
		"breached": "false",
		"createdAt": "03-04-2019",
		"createdAtDateFormat": "2019-03-04T00:23:34.833-05:00",
		"detailURL": "http://ners75.freshdirect.com/accountspayable/index.html?taskId=a8416b433e3d11e9c34a00000662ff2e",
		"dueDate": "03-24-2019",
		"dueDateFormat": "2019-03-24T00:00:00-04:00",
		"invoiceNo": "81231",
		"invoiceValue": "550.8",
		"name": "Account Payable Task",
		"processDisplayName": "Account Payable Process",
		"processId": "bpm://bpm.sap.com/process-instance/58d65e973e3d11e9c1f000000662ff2f",
		"processName": "Account Payable Process",
		"processStatus": "Inv/Po Mismatch",
		"requestId": "APA000000000524",
		"startedBy": "accpay reviewer",
		"status": "READY",
		"subject": "APA000000000524",
		"taskDescription": "Vendor Name : SEAPOINT FARMS\r\nInvoice Amount : 550.80\r\nInvoice Date : null",
		"taskId": "bpm://bpm.sap.com/task-instance/a8416b433e3d11e9c34a00000662ff2e",
		"timePercentCompleted": "0.0",
		"vendorId": "13916",
		"vendorName": "SEAPOINT FARMS"
	}, {
		"assignedTo": "Admin",
		"breached": "false",
		"createdAt": "03-02-2019",
		"createdAtDateFormat": "2019-03-02T16:05:38.052-05:00",
		"detailURL": "http://ners75.freshdirect.com/accountspayable/index.html?taskId=ede4b17c3d2e11e9c8ca00000662ff2e",
		"dueDate": "03-11-2019",
		"dueDateFormat": "2019-03-11T00:00:00-04:00",
		"invoiceDateDisplay": "03-01-2019",
		"invoiceDateFormat": "2019-03-01T00:00:00-05:00",
		"invoiceNo": "868606.1.-",
		"invoiceValue": "165.62",
		"name": "Account Payable Task",
		"processDisplayName": "Account Payable Process",
		"processId": "bpm://bpm.sap.com/process-instance/b5f2244c3d2e11e9c27200000662ff2f",
		"processName": "Account Payable Process",
		"processStatus": "Balance Mismatch",
		"requestId": "APA000000000523",
		"startedBy": "POADMIN",
		"status": "READY",
		"subject": "APA000000000523",
		"taskDescription": "Vendor Name : J & J FARMS CREAMERY CO., INC.\r\nInvoice Amount : 126,418.22\r\nInvoice Date : 2019-03-01",
		"taskId": "bpm://bpm.sap.com/task-instance/ede4b17c3d2e11e9c8ca00000662ff2e",
		"timePercentCompleted": "0.0",
		"vendorId": "11540",
		"vendorName": "J & J FARMS CREAMERY CO., INC."
	}, {
		"assignedTo": "Admin",
		"breached": "false",
		"createdAt": "03-02-2019",
		"createdAtDateFormat": "2019-03-02T00:52:37.563-05:00",
		"detailURL": "http://ners75.freshdirect.com/accountspayable/index.html?taskId=f7626cec3d1311e9a52800000662ff2f",
		"dueDate": "03-17-2019",
		"dueDateFormat": "2019-03-17T00:00:00-04:00",
		"invoiceNo": "15289680",
		"invoiceValue": "3013.5",
		"name": "Account Payable Task",
		"processDisplayName": "Account Payable Process",
		"processId": "bpm://bpm.sap.com/process-instance/48f8c2e23d1311e9af9a00000662ff2f",
		"processName": "Account Payable Process",
		"processStatus": "No PO",
		"requestId": "APA000000000518",
		"startedBy": "POADMIN",
		"status": "READY",
		"subject": "APA000000000518",
		"taskDescription": "Vendor Name : null\r\nInvoice Amount : null\r\nInvoice Date : null",
		"taskId": "bpm://bpm.sap.com/task-instance/f7626cec3d1311e9a52800000662ff2f",
		"timePercentCompleted": "0.0",
		"vendorId": "23534",
		"vendorName": "LA TRUFFE DE DEE DEE"
	}, {
		"assignedTo": "Admin",
		"breached": "false",
		"createdAt": "03-02-2019",
		"createdAtDateFormat": "2019-03-02T00:52:37.014-05:00",
		"detailURL": "http://ners75.freshdirect.com/accountspayable/index.html?taskId=f70e6d063d1311e9ac5f00000662ff2f",
		"dueDate": "03-17-2019",
		"dueDateFormat": "2019-03-17T00:00:00-04:00",
		"invoiceNo": "15306812",
		"invoiceValue": "3869.5",
		"name": "Account Payable Task",
		"processDisplayName": "Account Payable Process",
		"processId": "bpm://bpm.sap.com/process-instance/4895dc273d1311e9a71000000662ff2f",
		"processName": "Account Payable Process",
		"processStatus": "No PO",
		"requestId": "APA000000000517",
		"startedBy": "POADMIN",
		"status": "READY",
		"subject": "APA000000000517",
		"taskDescription": "Vendor Name : null\r\nInvoice Amount : null\r\nInvoice Date : null",
		"taskId": "bpm://bpm.sap.com/task-instance/f70e6d063d1311e9ac5f00000662ff2f",
		"timePercentCompleted": "0.0",
		"vendorId": "23534",
		"vendorName": "LA TRUFFE DE DEE DEE"
	}, {
		"assignedTo": "Admin",
		"breached": "false",
		"createdAt": "03-02-2019",
		"createdAtDateFormat": "2019-03-02T00:52:36.295-05:00",
		"detailURL": "http://ners75.freshdirect.com/accountspayable/index.html?taskId=f6a0ecb73d1311e9865800000662ff2f",
		"dueDate": "03-17-2019",
		"dueDateFormat": "2019-03-17T00:00:00-04:00",
		"invoiceNo": "14144607",
		"invoiceValue": "562.2",
		"name": "Account Payable Task",
		"processDisplayName": "Account Payable Process",
		"processId": "bpm://bpm.sap.com/process-instance/4841bf5e3d1311e993ef00000662ff2f",
		"processName": "Account Payable Process",
		"processStatus": "No PO",
		"requestId": "APA000000000516",
		"startedBy": "POADMIN",
		"status": "READY",
		"subject": "APA000000000516",
		"taskDescription": "Vendor Name : null\r\nInvoice Amount : null\r\nInvoice Date : null",
		"taskId": "bpm://bpm.sap.com/task-instance/f6a0ecb73d1311e9865800000662ff2f",
		"timePercentCompleted": "0.0",
		"vendorId": "23534",
		"vendorName": "LA TRUFFE DE DEE DEE"
	}, {
		"assignedTo": "Admin",
		"breached": "false",
		"createdAt": "03-02-2019",
		"createdAtDateFormat": "2019-03-02T00:25:38.044-05:00",
		"detailURL": "http://ners75.freshdirect.com/accountspayable/index.html?taskId=324f504a3d1011e9ca0c00000662ff2e",
		"dueDate": "03-17-2019",
		"dueDateFormat": "2019-03-17T00:00:00-04:00",
		"invoiceNo": "14007878",
		"invoiceValue": "4000.5",
		"name": "Account Payable Task",
		"processDisplayName": "Account Payable Process",
		"processId": "bpm://bpm.sap.com/process-instance/b7b4fdc13d0f11e98f0200000662ff2e",
		"processName": "Account Payable Process",
		"processStatus": "No PO",
		"requestId": "APA000000000495",
		"startedBy": "POADMIN",
		"status": "READY",
		"subject": "APA000000000495",
		"taskDescription": "Vendor Name : null\r\nInvoice Amount : null\r\nInvoice Date : null",
		"taskId": "bpm://bpm.sap.com/task-instance/324f504a3d1011e9ca0c00000662ff2e",
		"timePercentCompleted": "0.0",
		"vendorId": "23534",
		"vendorName": "LA TRUFFE DE DEE DEE"
	}]
}