{
	"oInvoice": {
		"sInvoiceTaskNo": "APA000000000189",
		"sCountryCode": "0001",
		"iInvoiceAmt": 324.23,
		"iGrossAmt": 0,
		"iBalance": 324.23,
		"sTaskCode": "",
		"bVisLineItemMessage": false,
		"iSubTotal": 23423.23,
		"iFreight": 23445,
		"iSubCharges": 324234,
		"sPdfUrl": ""
	},
	"oInvoiceHeaderDetails": {
		"sDocumentType": "0",
		"sVendor": "0000100000",
		"sVendorName": "Nanancy",
		"sCurrency": "EUR",
		"sInvoiceRefence": "1233QOP",
		"iUnplannedCost": 1233.12,
		"iPlannedCost": 12212,
		"iInvoiceCharges": 37398202,
		"oDocumentDate": "2018-12-23",
		"oBaselineDate": "2018-12-23",
		"iInvoiceTax": 287262,
		"oPostingDate": "2018-12-23",
		"sPaymentTerms": "0",
		"sPaymentMethod": "2",
		"sPaymentBlock": "1"
	},
	"oInvItemsFieldsConfig": {
		"bManualMatchingVis": true,
		"bThreeMatchingVis": true,
		"bTaxDetailsVis": true,
		"bInfoMessagesLineItemVis": true
	},
	"oInvoiceLineItems": [{
		"sItemText": "T-Mobile",
		"sVendorMaterialNo": "",
		"iOrdQuantity": 10,
		"sUom": "PC",
		"checkBoxSelection":false,
		"iPrice": 100,
		"iAmount": "1000",
		"sUpc": "12/PC",
		"sAvlGrQuant": "12",
		"sPoPrice": "2313",
		"sMatchItem": "Very Best Screens",
		"iDiscount": 1,
		"GrBasediv":false,
		"opu":"EA",
		"poItemNumber":"10",
		"iDiscountAmt": 122,
		"sCostCenter": "12WUID",
		"iDiscountEdlp": 213,
		"sRowHightLight": "Information",
		"sItemMessageType": "Error",
		"threeWayMatchText":"",
		"threeWayMatchTextVisible":false
	},
	{
		"sItemText": "Desktop",
		"sVendorMaterialNo": "",
		"iOrdQuantity": 22,
		"sUom": "BOX",
		"checkBoxSelection":false,
		"iPrice": 1000,
		"iAmount": "2000",
		"sUpc": "10/BOX",
		"sAvlGrQuant": "15",
		"sPoPrice": "2460",
		"sMatchItem": "Very Best Screens",
		"iDiscount": 1,
		"GrBasediv":false,
		"opu":"PC",
		"poItemNumber":"20",
		"iDiscountAmt": 122,
		"sCostCenter": "12WUID",
		"iDiscountEdlp": 213,
		"sRowHightLight": "Information",
		"sItemMessageType": "Error",
		"threeWayMatchText":"",
		"threeWayMatchTextVisible":false
	}]
}