<core:FragmentDefinition xmlns="sap.m" xmlns:ui="sap.ui.table" xmlns:f="sap.ui.layout.form" xmlns:core="sap.ui.core" xmlns:l="sap.ui.layout">
	<Dialog title="Comment" contentWidth="40%" class="sapUiSizeCompact">
		<FeedInput post="onPostComment" showIcon="false" maxLength="199" value="{returnModel>/inputComment}"
			visible="{baseModel>/postCommentVisible}"/>
		<List items="{returnModel>/returnsCommentsList}" showSeparators="Inner" growing="true" growingThreshold="4">
			<FeedListItem sender="{returnModel>createdBy}" iconDensityAware="false"
				timestamp="{path:'returnModel>createdAt', formatter:'com.incture.vendorReturns.util.Formatter.commentDate'}" text="{returnModel>comment}"></FeedListItem>
		</List>
		<buttons>
			<Button text="OK" press="onOkComment"/>
		</buttons>
	</Dialog>
</core:FragmentDefinition>