<core:FragmentDefinition xmlns="sap.m" xmlns:ui="sap.ui.table" xmlns:f="sap.ui.layout.form" xmlns:core="sap.ui.core" xmlns:l="sap.ui.layout"
	xmlns:fb="sap.ui.comp.filterbar" xmlns:u="sap.ui.unified">
	<VBox>
		<VBox>
			<Text text="{i18n>attachInfo}" class="iopFontClass ipowbAttachmentTextClass sapUiTinyMarginBottom"/>
			<u:FileUploader tooltip="{i18n>Uploadyourfile}" change="onFileUploadChange" fileAllowed="fileAllowed"
				icon="sap-icon://open-folder" multiple="true" buttonText="{i18n>SelectaFile}" sameFilenameAllowed="false" buttonOnly="true"
				value="{baseModel>/attachmentValue}"/>
			<VBox items="{returnModel>/attachmentObject}">
				<OverflowToolbar class="sapUiSmallMargin attachmentCls" width="100%">
					<FeedListItem sender="{returnModel>fileName}" iconDensityAware="false" senderPress="fnUploadDoc"></FeedListItem>
					<ToolbarSpacer></ToolbarSpacer>
					<Button icon="sap-icon://delete" press="onRemoveAttachmennt" width="5%"/>
				</OverflowToolbar>
			</VBox>
		</VBox>
		<VBox>
			<OverflowToolbar>
				<Label text="Remarks"/>
			</OverflowToolbar>
			<FeedInput post="onPostComment" showIcon="false" maxLength="199" value="{returnModel>/inputComment}"
				visible="{baseModel>/postCommentVisible}"/>
			<List items="{returnModel>/returnsCommentsList}" showSeparators="Inner" growing="true" growingThreshold="4">
				<FeedListItem sender="{returnModel>createdBy}" iconDensityAware="false"
					timestamp="{path:'returnModel>createdAt', formatter:'com.incture.vendorReturns.util.Formatter.commentDate'}" text="{returnModel>comment}"></FeedListItem>
			</List>
		</VBox>
		<OverflowToolbar>
			<Label text="{returnPOModel>/returnLength}"/>
			<Label text="{i18n>Amount}"/>
			<Text text="{returnPOModel>/returnAmountTotal}"/>
			<ToolbarSpacer/>
			<Button icon="sap-icon://less" press="returnDeleteRowPO" tooltip="{i18n>Delete}" ></Button>
			<Button icon="sap-icon://undo" press="returnUndoDeletePO" tooltip="{i18n>Undo}" ></Button>
			<Button icon="sap-icon://action-settings" press="personalizationInvDetails" tooltip="{i18n>ReturnPersonalization}"
				enabled="{baseModel>/RetSetting}"></Button>
		</OverflowToolbar>
		<ScrollContainer class="crtMinListHeight crtScrollBar" horizontal="true" vertical="true" height="{baseModel>/returnTableLength}">
			<Table items="{returnPOModel>/aReturn}" alternateRowColors="true" class="sapUiSizeCompact" growing="true"
				growingScrollToLoad="true" sticky="ColumnHeaders" id="ReturnTablePOId" mode="MultiSelect">
				<columns>
					<Column minScreenWidth="Small" demandPopin="true" hAlign="Center">
						<Label text="{i18n>Material}" wrapping="false" design="Bold"/>
					</Column>
					<Column minScreenWidth="Small" demandPopin="false" hAlign="Center">
						<Label text="Invoice Number" wrapping="false" design="Bold"/>
					</Column>
					<Column minScreenWidth="Small" demandPopin="false" hAlign="Center">
						<Label text="Invoice Item" wrapping="false" design="Bold"/>
					</Column>
					<!--<Column minScreenWidth="Small" demandPopin="false" hAlign="Center">-->
					<!--	<Label text="Plant" wrapping="false" design="Bold"/>-->
					<!--</Column>-->
					<!--<Column minScreenWidth="Small" demandPopin="true" hAlign="Center">-->
					<!--	<Label text="Storage location" wrapping="false" design="Bold"/>-->
					<!--</Column>-->
					<!--<Column minScreenWidth="Small" demandPopin="false" hAlign="Center">-->
					<!--	<Label text="Batch" wrapping="false" design="Bold"/>-->
					<!--</Column>-->
					<Column minScreenWidth="Small" demandPopin="false" hAlign="Center">
						<Label text="Reason" wrapping="false" design="Bold" required="true"/>
					</Column>
					<Column minScreenWidth="Small" demandPopin="false" hAlign="Center">
						<Label text="Qty" wrapping="false" design="Bold"/>
					</Column>
					<Column minScreenWidth="Small" demandPopin="true" hAlign="Center">
						<Label text="UOM" wrapping="false" design="Bold"/>
					</Column>
					<!--<Column minScreenWidth="Small" demandPopin="true" width="7rem" hAlign="Center">-->
					<!--	<Label text="PO Number" wrapping="false" design="Bold"/>-->
					<!--</Column>-->
					<!--<Column minScreenWidth="Small" demandPopin="true" width="6rem" hAlign="Center">-->
					<!--	<Label text="PO Item" wrapping="false" design="Bold"/>-->
					<!--</Column>-->
					<Column minScreenWidth="Small" demandPopin="true" hAlign="Center">
						<Label text="Unit Price" wrapping="false" design="Bold"/>
					</Column>
					<Column minScreenWidth="Small" demandPopin="false" hAlign="Center">
						<Label text="Net price" wrapping="false" design="Bold"/>
					</Column>
				</columns>
				<ColumnListItem type="Navigation" press="onPressInvoiceDetail">
					<Text text="{returnPOModel>Material}"/>
					<Text text="{returnPOModel>InvoiceNumber}"/>
					<Text text="{returnPOModel>InvoiceItemNumber}"/>
					<!--<Text text="{returnPOModel>Plant}"/>-->
					<!--<Text text="{returnPOModel>StorageLocation}"/>-->
					<!--<Text text=""/>-->
					<ComboBox enabled="{baseModel>/display}" items="{mReasonModel>/aReasons}" selectedKey="{returnPOModel>aSelectedReason}" change="onChangeReason" width="9rem">
						<core:Item key="{mReasonModel>reasonforId}" text="{mReasonModel>reasonText}"/>
					</ComboBox>
					<Input value="{returnPOModel>InvoiceQty}" change="netPriceCalculation"/>
					<Text text="{returnPOModel>InvoiceUom}"/>
					<Input value="{returnPOModel>UnitPrice}" change="netPriceCalculation"/>
					<Text text="{returnPOModel>NetPrice}"/>
				</ColumnListItem>
			</Table>
		</ScrollContainer>
	</VBox>
</core:FragmentDefinition>